Column1,Column2
0.10168698348633765,-0.016268184716006218
159.65931021710844,-17.75158686712075
