Column1,Column2
-1.9020718333706554,-2.7377433653441585
-2.3848911734347666,-1.3591017200553779
