Column1,Column2
-0.10906518743691862,-0.052658641336300605
-1.871764965244438,-2.7296986893077246
-2.360771578224785,-1.3418688382671462
