Column1,Column2
0.2584214786605088,-0.08854666999624783
-3.974507389870041,3.3167757429453104
