Column1,Column2
-1.9014634311531609,-2.7374658095880022
-2.384291653001469,-1.3588086211768768
