Column1,Column2
-0.11245594733200193,-0.05381764478507023
-1.9313262100695283,-2.742175375658462
-2.404959564827891,-1.3771794815653493
