rho_0,sigma_0,rho_hat_1,sigma_hat_1,rho_hat_2,sigma_hat_2,rho_se,sigma_se,j_test_stat,j_test_p_value
0.5,1.0,0.5319898897040047,1.0114645786160277,0.5339987180603203,1.0098768706258856,1.894633737199995,0.9323320118822587,1.2307746559994127e-6,0.0008851752142295647
0.5,1.0,0.48794519601730924,1.0427158943111814,0.4879728735308405,1.0427354861153304,0.04351967777396959,0.20997426676193529,7.42064915684691e-8,0.00021735068116290345
0.5,1.0,0.48812682337112745,1.0426217897220962,0.4877909717394133,1.042384054100867,0.08398289515160244,0.0989438222710667,0.00020647435242598803,0.011464580627225676
