model_age,kappa
4,7.720813799198349
5,8.171229250358603
6,8.569127736345465
7,8.882650372212161
8,9.0987762055423609
9,9.201621695708573
10,9.061728750765093
11,8.608728450073546
12,8.685664667457088
