model_age,kappa
4,7.720813799196678
5,8.171229250356863
6,8.569127736343187
7,8.882650372209866
8,9.09877620554001
9,9.201621695706079
10,9.061728750762509
11,8.608728450071656
12,8.685664667454912
